Data do Jogo,Advers√°rio,V/D,Casa/Fora,PTS,REB,AST,Placar do Jogo,Tentativas de Cestas de 3,Cestas de 3 PTS Marcados,Tempo em Quadra,Player_Name,Season
2024-03-27,LAL,L,Casa,26.0,4.0,11.5,26.0 - ?,9.0,4.0,40.0,Desmond Bane,2023-24
2024-03-25,DEN,L,Fora,15.0,3.0,3.0,15.0 - ?,6.0,2.0,32.0,Desmond Bane,2023-24
2024-03-20,GSW,L,Fora,6.0,1.0,4.0,6.0 - ?,9.0,2.0,25.75,Desmond Bane,2023-24
2024-03-18,SAC,L,Fora,24.0,5.0,4.0,24.0 - ?,7.0,2.0,37.0,Desmond Bane,2023-24
2024-03-16,OKC,L,Casa,22.0,3.0,7.0,22.0 - ?,9.0,4.0,32.0,Desmond Bane,2023-24
2024-01-12,LAC,L,Casa,15.0,1.0,3.0,15.0 - ?,6.0,3.0,25.75,Desmond Bane,2023-24
2024-01-09,DAL,W,Fora,32.0,9.0,4.0,32.0 - ?,9.0,2.0,39.0,Desmond Bane,2023-24
2024-01-07,PHX,W,Fora,23.0,5.0,5.0,23.0 - ?,7.0,2.0,37.0,Desmond Bane,2023-24
2024-01-05,LAL,W,Fora,24.0,5.0,11.5,24.0 - ?,8.0,5.0,37.0,Desmond Bane,2023-24
2024-01-03,TOR,L,Casa,22.0,4.0,8.0,22.0 - ?,6.0,2.0,38.0,Desmond Bane,2023-24
2024-01-02,SAS,W,Casa,24.0,3.0,2.0,24.0 - ?,6.0,2.0,34.0,Desmond Bane,2023-24
2023-12-31,SAC,L,Casa,17.0,7.0,6.0,17.0 - ?,7.0,3.0,35.0,Desmond Bane,2023-24
2023-12-29,LAC,L,Fora,18.0,7.0,5.0,18.0 - ?,5.0,2.0,37.0,Desmond Bane,2023-24
2023-12-28,DEN,L,Fora,23.0,1.0,2.0,23.0 - ?,5.0,3.0,25.75,Desmond Bane,2023-24
2023-12-26,NOP,W,Fora,27.0,5.0,7.0,27.0 - ?,14.0,5.0,40.0,Desmond Bane,2023-24
2023-12-23,ATL,W,Fora,37.0,6.0,6.0,37.0 - ?,14.0,5.0,36.0,Desmond Bane,2023-24
2023-12-21,IND,W,Casa,31.0,6.0,7.0,31.0 - ?,12.0,5.0,36.0,Desmond Bane,2023-24
2023-12-19,NOP,W,Fora,21.0,1.0,4.0,21.0 - ?,9.0,3.0,35.0,Desmond Bane,2023-24
2023-12-18,OKC,L,Fora,17.0,1.0,5.0,17.0 - ?,9.0,4.0,28.0,Desmond Bane,2023-24
2023-12-15,HOU,L,Casa,28.0,10.5,3.0,28.0 - ?,12.0,4.0,40.0,Desmond Bane,2023-24
2023-12-11,DAL,L,Casa,28.0,3.0,8.0,28.0 - ?,9.0,3.0,39.0,Desmond Bane,2023-24
2023-12-08,MIN,L,Casa,16.0,2.0,1.0,16.0 - ?,6.0,4.0,37.0,Desmond Bane,2023-24
2023-12-06,DET,W,Fora,48.25,6.0,8.0,48.25 - ?,8.0,4.0,36.0,Desmond Bane,2023-24
2023-12-02,PHX,L,Fora,27.0,3.0,5.0,27.0 - ?,6.0,3.0,30.0,Desmond Bane,2023-24
2023-12-01,DAL,W,Fora,30.0,4.0,5.0,30.0 - ?,6.0,4.0,34.0,Desmond Bane,2023-24
2023-11-29,UTA,W,Casa,17.0,7.0,9.0,17.0 - ?,11.0,3.0,36.0,Desmond Bane,2023-24
2023-11-26,MIN,L,Casa,13.0,2.0,4.0,13.0 - ?,9.0,3.0,34.0,Desmond Bane,2023-24
2023-11-24,PHX,L,Casa,6.0,5.0,10.0,6.0 - ?,5.0,0.0,34.0,Desmond Bane,2023-24
2023-11-22,HOU,L,Fora,23.0,7.0,4.0,23.0 - ?,6.0,2.0,26.0,Desmond Bane,2023-24
2023-11-19,BOS,L,Casa,30.0,2.0,8.0,30.0 - ?,14.0,7.0,37.0,Desmond Bane,2023-24
2023-11-18,SAS,W,Fora,26.0,5.0,4.0,26.0 - ?,6.0,3.0,34.0,Desmond Bane,2023-24
2023-11-14,LAL,L,Fora,15.0,1.0,5.0,15.0 - ?,6.0,2.0,27.0,Desmond Bane,2023-24
2023-11-12,LAC,W,Fora,27.0,4.0,6.0,27.0 - ?,11.0,3.0,35.0,Desmond Bane,2023-24
2023-11-10,UTA,L,Casa,37.0,4.0,8.0,37.0 - ?,13.0,7.0,38.0,Desmond Bane,2023-24
2023-11-08,MIA,L,Casa,15.0,5.0,3.0,15.0 - ?,8.0,2.0,36.0,Desmond Bane,2023-24
2023-11-05,POR,W,Fora,30.0,8.0,5.0,30.0 - ?,9.0,3.0,34.0,Desmond Bane,2023-24
2023-11-03,POR,L,Fora,33.0,8.0,7.0,33.0 - ?,9.0,3.0,43.75,Desmond Bane,2023-24
2023-11-01,UTA,L,Fora,21.0,3.0,0.0,21.0 - ?,12.0,4.0,27.0,Desmond Bane,2023-24
2023-10-30,DAL,L,Casa,30.0,6.0,3.0,30.0 - ?,7.0,3.0,37.0,Desmond Bane,2023-24
2023-10-28,WAS,L,Fora,26.0,2.0,5.0,26.0 - ?,10.0,4.0,34.0,Desmond Bane,2023-24
2023-10-27,DEN,L,Casa,15.0,3.0,3.0,15.0 - ?,10.0,1.0,32.0,Desmond Bane,2023-24
2023-10-25,NOP,L,Casa,31.0,5.0,5.0,31.0 - ?,10.0,5.0,36.0,Desmond Bane,2023-24
2024-04-03,MIL,W,Fora,35.0,3.0,4.0,35.0 - ?,7.0,2.0,37.0,Jaren Jackson Jr.,2023-24
2024-04-01,DET,W,Fora,40.0,7.0,3.0,40.0 - ?,3.0,2.0,34.0,Jaren Jackson Jr.,2023-24
2024-03-30,ORL,L,Fora,4.0,4.0,1.0,4.0 - ?,3.0,0.0,26.0,Jaren Jackson Jr.,2023-24
2024-03-27,LAL,L,Casa,17.0,9.0,3.0,17.0 - ?,4.0,0.0,35.0,Jaren Jackson Jr.,2023-24
2024-03-25,DEN,L,Fora,11.0,4.0,5.0,11.0 - ?,7.0,1.0,26.0,Jaren Jackson Jr.,2023-24
2024-03-22,SAS,W,Fora,28.0,7.0,2.0,28.0 - ?,6.0,2.0,36.0,Jaren Jackson Jr.,2023-24
2024-03-20,GSW,L,Fora,28.0,4.0,3.0,28.0 - ?,4.0,1.0,31.0,Jaren Jackson Jr.,2023-24
2024-03-18,SAC,L,Fora,25.0,2.0,4.0,25.0 - ?,6.0,1.0,39.0,Jaren Jackson Jr.,2023-24
2024-03-16,OKC,L,Casa,19.0,6.0,6.0,19.0 - ?,4.0,3.0,36.0,Jaren Jackson Jr.,2023-24
2024-03-10,OKC,L,Fora,16.0,2.0,2.0,16.0 - ?,5.0,3.0,28.0,Jaren Jackson Jr.,2023-24
2024-03-08,ATL,L,Casa,21.0,9.0,3.0,21.0 - ?,2.0,0.0,35.0,Jaren Jackson Jr.,2023-24
2024-03-06,PHI,W,Fora,30.0,11.0,1.0,30.0 - ?,7.0,2.0,37.0,Jaren Jackson Jr.,2023-24
2024-02-28,MIN,L,Fora,33.0,11.5,1.0,33.0 - ?,10.0,3.0,38.0,Jaren Jackson Jr.,2023-24
2024-02-26,BKN,L,Casa,15.0,4.0,1.0,15.0 - ?,2.0,1.0,30.0,Jaren Jackson Jr.,2023-24
2024-02-23,LAC,L,Casa,29.0,4.0,5.0,29.0 - ?,7.0,2.0,32.0,Jaren Jackson Jr.,2023-24
2024-02-14,HOU,W,Casa,18.0,2.0,3.0,18.0 - ?,6.0,3.0,28.0,Jaren Jackson Jr.,2023-24
2024-02-12,NOP,L,Casa,22.0,6.0,3.0,22.0 - ?,8.0,2.0,36.0,Jaren Jackson Jr.,2023-24
2024-02-10,CHA,L,Fora,29.0,3.0,3.0,29.0 - ?,9.0,5.0,34.0,Jaren Jackson Jr.,2023-24
2024-02-08,CHI,L,Casa,28.0,2.0,4.0,28.0 - ?,10.0,4.0,32.0,Jaren Jackson Jr.,2023-24
2024-02-02,GSW,L,Casa,27.0,5.0,2.0,27.0 - ?,9.0,2.0,31.0,Jaren Jackson Jr.,2023-24
2024-02-01,CLE,L,Casa,25.0,5.0,5.0,25.0 - ?,6.0,2.0,34.0,Jaren Jackson Jr.,2023-24
2024-01-29,SAC,L,Casa,22.0,3.0,2.0,22.0 - ?,4.0,0.0,32.0,Jaren Jackson Jr.,2023-24
2024-01-28,IND,L,Fora,25.0,5.0,4.0,25.0 - ?,3.0,0.0,32.0,Jaren Jackson Jr.,2023-24
2024-01-26,ORL,W,Casa,30.0,8.0,2.0,30.0 - ?,5.0,1.0,35.0,Jaren Jackson Jr.,2023-24
2024-01-24,MIA,W,Fora,15.0,6.0,3.0,15.0 - ?,7.0,1.0,35.0,Jaren Jackson Jr.,2023-24
2024-01-22,TOR,W,Fora,27.0,4.0,5.0,27.0 - ?,5.0,2.0,32.0,Jaren Jackson Jr.,2023-24
2024-01-20,CHI,L,Fora,26.0,6.0,5.0,26.0 - ?,7.0,1.0,33.0,Jaren Jackson Jr.,2023-24
2024-01-18,MIN,L,Fora,36.0,3.0,1.0,36.0 - ?,6.0,3.0,27.0,Jaren Jackson Jr.,2023-24
2024-01-15,GSW,W,Casa,18.0,5.0,5.0,18.0 - ?,11.5,3.0,33.0,Jaren Jackson Jr.,2023-24
2024-01-12,LAC,L,Casa,21.0,6.0,1.0,21.0 - ?,8.0,1.0,30.0,Jaren Jackson Jr.,2023-24
2024-01-07,PHX,W,Fora,28.0,10.0,6.0,28.0 - ?,8.0,3.0,32.0,Jaren Jackson Jr.,2023-24
2024-01-05,LAL,W,Fora,31.0,9.0,1.0,31.0 - ?,6.0,5.0,30.0,Jaren Jackson Jr.,2023-24
2024-01-03,TOR,L,Casa,24.0,4.0,0.0,24.0 - ?,8.0,4.0,37.0,Jaren Jackson Jr.,2023-24
2024-01-02,SAS,W,Casa,10.0,7.0,1.0,10.0 - ?,4.0,1.0,32.0,Jaren Jackson Jr.,2023-24
2023-12-31,SAC,L,Casa,18.0,3.0,1.0,18.0 - ?,4.0,1.0,29.0,Jaren Jackson Jr.,2023-24
2023-12-29,LAC,L,Fora,22.0,2.0,4.0,22.0 - ?,6.0,4.0,37.0,Jaren Jackson Jr.,2023-24
2023-12-28,DEN,L,Fora,14.0,4.0,2.0,14.0 - ?,3.0,1.0,28.0,Jaren Jackson Jr.,2023-24
2023-12-26,NOP,W,Fora,19.0,10.0,1.0,19.0 - ?,3.0,0.0,39.0,Jaren Jackson Jr.,2023-24
2023-12-23,ATL,W,Fora,20.0,2.0,0.0,20.0 - ?,2.0,1.0,24.0,Jaren Jackson Jr.,2023-24
2023-12-21,IND,W,Casa,21.0,8.0,1.0,21.0 - ?,4.0,2.0,33.0,Jaren Jackson Jr.,2023-24
2023-12-19,NOP,W,Fora,24.0,6.0,0.0,24.0 - ?,3.0,1.0,30.0,Jaren Jackson Jr.,2023-24
2023-12-18,OKC,L,Fora,11.0,5.0,1.0,11.0 - ?,4.0,1.0,25.0,Jaren Jackson Jr.,2023-24
2023-12-15,HOU,L,Casa,22.0,3.0,2.0,22.0 - ?,7.0,0.0,33.0,Jaren Jackson Jr.,2023-24
2023-12-13,HOU,L,Fora,44.0,7.0,2.0,44.0 - ?,8.0,3.0,40.0,Jaren Jackson Jr.,2023-24
2023-12-11,DAL,L,Casa,41.0,4.0,2.0,41.0 - ?,10.0,5.375,42.0,Jaren Jackson Jr.,2023-24
2023-12-08,MIN,L,Casa,21.0,2.0,1.0,21.0 - ?,4.0,3.0,29.0,Jaren Jackson Jr.,2023-24
2023-12-06,DET,W,Fora,24.0,4.0,0.0,24.0 - ?,6.0,2.0,35.0,Jaren Jackson Jr.,2023-24
2023-12-02,PHX,L,Fora,37.0,9.0,2.0,37.0 - ?,5.0,2.0,35.0,Jaren Jackson Jr.,2023-24
2023-12-01,DAL,W,Fora,4.0,4.0,2.0,4.0 - ?,3.0,0.0,18.875,Jaren Jackson Jr.,2023-24
2023-11-29,UTA,W,Casa,20.0,6.0,1.0,20.0 - ?,3.0,0.0,35.0,Jaren Jackson Jr.,2023-24
2023-11-26,MIN,L,Casa,18.0,4.0,3.0,18.0 - ?,6.0,2.0,37.0,Jaren Jackson Jr.,2023-24
2023-11-24,PHX,L,Casa,13.0,7.0,2.0,13.0 - ?,4.0,1.0,29.0,Jaren Jackson Jr.,2023-24
2023-11-22,HOU,L,Fora,23.0,7.0,0.0,23.0 - ?,4.0,0.0,37.0,Jaren Jackson Jr.,2023-24
2023-11-19,BOS,L,Casa,17.0,8.0,1.0,17.0 - ?,3.0,1.0,34.0,Jaren Jackson Jr.,2023-24
2023-11-18,SAS,W,Fora,27.0,5.0,0.0,27.0 - ?,8.0,2.0,27.0,Jaren Jackson Jr.,2023-24
2023-11-14,LAL,L,Fora,8.0,2.0,2.0,8.0 - ?,6.0,2.0,22.0,Jaren Jackson Jr.,2023-24
2023-11-12,LAC,W,Fora,12.0,4.0,1.0,12.0 - ?,3.0,0.0,29.0,Jaren Jackson Jr.,2023-24
2023-11-10,UTA,L,Casa,14.0,4.0,2.0,14.0 - ?,2.0,0.0,23.0,Jaren Jackson Jr.,2023-24
2023-11-08,MIA,L,Casa,28.0,4.0,2.0,28.0 - ?,8.0,2.0,33.0,Jaren Jackson Jr.,2023-24
2023-11-05,POR,W,Fora,27.0,7.0,2.0,27.0 - ?,4.0,1.0,37.0,Jaren Jackson Jr.,2023-24
2023-11-03,POR,L,Fora,30.0,10.0,3.0,30.0 - ?,8.0,5.0,38.0,Jaren Jackson Jr.,2023-24
2023-11-01,UTA,L,Fora,19.0,8.0,2.0,19.0 - ?,8.0,1.0,26.0,Jaren Jackson Jr.,2023-24
2023-10-30,DAL,L,Casa,30.0,9.0,4.0,30.0 - ?,6.0,3.0,34.0,Jaren Jackson Jr.,2023-24
2023-10-28,WAS,L,Fora,16.0,5.0,2.0,16.0 - ?,4.0,2.0,31.0,Jaren Jackson Jr.,2023-24
2023-10-27,DEN,L,Casa,21.0,9.0,2.0,21.0 - ?,2.0,2.0,28.0,Jaren Jackson Jr.,2023-24
2023-10-25,NOP,L,Casa,8.0,5.0,3.0,8.0 - ?,5.0,0.0,36.0,Jaren Jackson Jr.,2023-24
2024-01-05,LAL,W,Fora,21.0,7.0,7.0,21.0 - ?,7.0,3.0,35.0,Ja Morant,2023-24
2024-01-03,TOR,L,Casa,28.0,7.5,9.0,28.0 - ?,6.0,3.0,35.0,Ja Morant,2023-24
2024-01-02,SAS,W,Casa,26.0,5.0,10.0,26.0 - ?,9.0,3.0,35.0,Ja Morant,2023-24
2023-12-31,SAC,L,Casa,17.0,3.5,3.0,17.0 - ?,4.0,2.0,33.5,Ja Morant,2023-24
2023-12-29,LAC,L,Fora,19.0,6.0,10.0,19.0 - ?,7.0,0.0,37.0,Ja Morant,2023-24
2023-12-26,NOP,W,Fora,31.0,4.0,7.0,31.0 - ?,7.0,1.0,37.5,Ja Morant,2023-24
2023-12-23,ATL,W,Fora,30.0,6.0,11.0,30.0 - ?,3.0,1.0,36.0,Ja Morant,2023-24
2023-12-21,IND,W,Casa,20.0,5.0,8.0,20.0 - ?,3.0,1.0,34.0,Ja Morant,2023-24
2023-12-19,NOP,W,Fora,34.0,6.0,8.0,34.0 - ?,5.0,0.0,35.0,Ja Morant,2023-24
2025-02-08,OKC,L,Casa,20.0,9.0,5.0,20.0 - ?,7.0,3.0,36.0,Desmond Bane,2024-25
2025-02-02,MIL,W,Fora,22.0,9.0,3.0,22.0 - ?,3.0,1.0,29.0,Desmond Bane,2024-25
2025-01-30,HOU,W,Casa,24.0,11.5,6.0,24.0 - ?,2.0,0.0,40.0,Desmond Bane,2024-25
2025-01-27,NYK,L,Fora,16.0,3.0,4.0,16.0 - ?,4.0,2.0,30.0,Desmond Bane,2024-25
2025-01-25,UTA,W,Casa,17.0,9.0,6.0,17.0 - ?,3.0,2.0,29.0,Desmond Bane,2024-25
2025-01-24,NOP,W,Casa,20.0,0.0,11.5,20.0 - ?,7.0,2.0,34.0,Desmond Bane,2024-25
2025-01-22,CHA,W,Casa,24.0,2.0,8.0,24.0 - ?,7.0,4.0,34.0,Desmond Bane,2024-25
2025-01-20,MIN,W,Casa,22.0,6.0,5.0,22.0 - ?,6.0,4.0,37.0,Desmond Bane,2024-25
2025-01-17,SAS,W,Fora,22.0,6.0,11.5,22.0 - ?,6.0,2.0,33.0,Desmond Bane,2024-25
2025-01-15,SAS,W,Fora,21.0,3.0,2.0,21.0 - ?,4.0,2.0,33.0,Desmond Bane,2024-25
2025-01-13,HOU,L,Fora,25.0,3.0,2.0,25.0 - ?,5.0,4.0,34.0,Desmond Bane,2024-25
2025-01-11,MIN,W,Fora,21.0,5.0,5.0,21.0 - ?,8.0,4.0,32.0,Desmond Bane,2024-25
2025-01-09,HOU,L,Casa,16.0,4.0,4.0,16.0 - ?,5.0,2.0,27.0,Desmond Bane,2024-25
2025-01-04,GSW,L,Fora,22.0,4.0,10.0,22.0 - ?,8.0,2.0,35.0,Desmond Bane,2024-25
2025-01-03,SAC,L,Fora,22.0,7.0,8.0,22.0 - ?,4.0,0.0,35.0,Desmond Bane,2024-25
2024-12-31,PHX,W,Fora,31.0,5.0,7.0,31.0 - ?,8.0,4.0,37.0,Desmond Bane,2024-25
2024-12-29,OKC,L,Fora,22.0,9.0,4.0,22.0 - ?,8.0,3.0,29.0,Desmond Bane,2024-25
2024-12-27,NOP,W,Fora,18.0,4.0,8.0,18.0 - ?,6.0,2.0,32.0,Desmond Bane,2024-25
2024-12-26,TOR,W,Casa,19.0,5.0,2.0,19.0 - ?,6.0,3.0,23.0,Desmond Bane,2024-25
2024-12-23,LAC,L,Casa,21.0,9.0,7.0,21.0 - ?,7.0,3.0,32.0,Desmond Bane,2024-25
2024-12-21,ATL,W,Fora,23.0,5.0,8.0,23.0 - ?,8.0,4.0,27.0,Desmond Bane,2024-25
2024-12-19,GSW,W,Casa,15.0,4.0,7.0,15.0 - ?,5.0,3.0,24.0,Desmond Bane,2024-25
2024-12-15,LAL,L,Fora,7.0,7.0,7.0,7.0 - ?,2.0,0.0,28.0,Desmond Bane,2024-25
2024-12-13,BKN,W,Casa,21.0,4.0,8.0,21.0 - ?,6.0,2.0,28.0,Desmond Bane,2024-25
2024-12-07,BOS,W,Fora,14.0,2.0,4.0,14.0 - ?,5.0,2.0,33.0,Desmond Bane,2024-25
2024-12-05,SAC,W,Casa,18.0,8.0,7.0,18.0 - ?,4.0,2.0,32.0,Desmond Bane,2024-25
2024-12-03,DAL,L,Fora,19.0,3.0,3.0,19.0 - ?,5.0,2.0,31.0,Desmond Bane,2024-25
2024-12-01,IND,W,Casa,16.0,6.0,6.0,16.0 - ?,8.0,2.0,30.0,Desmond Bane,2024-25
2024-11-29,NOP,W,Casa,7.0,3.0,4.0,7.0 - ?,3.0,1.0,26.0,Desmond Bane,2024-25
2024-11-27,DET,W,Casa,4.5,7.0,7.0,4.5 - ?,3.0,0.0,22.0,Desmond Bane,2024-25
2024-11-25,POR,W,Casa,8.0,7.0,2.0,8.0 - ?,4.0,1.0,24.0,Desmond Bane,2024-25
2024-11-23,CHI,W,Fora,13.0,7.0,2.0,13.0 - ?,5.0,1.0,30.0,Desmond Bane,2024-25
2024-11-20,PHI,W,Casa,21.0,10.0,6.0,21.0 - ?,11.0,5.0,35.0,Desmond Bane,2024-25
2024-11-19,DEN,L,Casa,5.0,5.0,5.0,5.0 - ?,5.0,0.0,29.0,Desmond Bane,2024-25
2024-11-17,DEN,W,Casa,11.0,11.0,7.0,11.0 - ?,7.0,1.0,29.0,Desmond Bane,2024-25
2024-11-15,GSW,L,Fora,18.0,6.0,2.0,18.0 - ?,4.0,1.0,27.0,Desmond Bane,2024-25
2024-10-30,BKN,L,Casa,10.0,6.0,0.0,10.0 - ?,2.0,1.0,20.5,Desmond Bane,2024-25
2024-10-28,CHI,L,Casa,30.0,7.0,4.0,30.0 - ?,10.0,6.0,31.0,Desmond Bane,2024-25
2024-10-26,ORL,W,Casa,13.0,7.0,2.0,13.0 - ?,6.0,2.0,28.0,Desmond Bane,2024-25
2024-10-25,HOU,L,Fora,17.0,3.0,4.0,17.0 - ?,4.0,0.0,29.0,Desmond Bane,2024-25
2024-10-23,UTA,W,Fora,24.0,4.0,4.0,24.0 - ?,10.0,4.0,27.0,Desmond Bane,2024-25
2025-02-08,OKC,L,Casa,19.0,3.0,2.0,19.0 - ?,3.0,2.0,35.0,Jaren Jackson Jr.,2024-25
2025-02-05,TOR,W,Fora,32.0,5.0,4.0,32.0 - ?,5.0,4.0,28.0,Jaren Jackson Jr.,2024-25
2025-02-03,SAS,W,Casa,31.0,6.0,3.0,31.0 - ?,9.0,3.0,31.0,Jaren Jackson Jr.,2024-25
2025-02-02,MIL,W,Fora,37.0,5.0,2.0,37.0 - ?,12.625,6.0,33.0,Jaren Jackson Jr.,2024-25
2025-01-30,HOU,W,Casa,21.0,4.0,4.0,21.0 - ?,4.0,1.0,31.0,Jaren Jackson Jr.,2024-25
2025-01-27,NYK,L,Fora,21.0,4.0,0.0,21.0 - ?,4.0,3.0,33.0,Jaren Jackson Jr.,2024-25
2025-01-25,UTA,W,Casa,28.0,3.0,2.0,28.0 - ?,4.0,2.0,30.0,Jaren Jackson Jr.,2024-25
2025-01-24,NOP,W,Casa,29.0,5.0,6.0,29.0 - ?,9.0,5.0,32.0,Jaren Jackson Jr.,2024-25
2025-01-22,CHA,W,Casa,22.0,6.0,1.0,22.0 - ?,5.0,1.0,30.0,Jaren Jackson Jr.,2024-25
2025-01-20,MIN,W,Casa,24.0,10.0,0.0,24.0 - ?,3.0,0.0,32.0,Jaren Jackson Jr.,2024-25
2025-01-17,SAS,W,Fora,19.0,2.0,4.0,19.0 - ?,8.0,3.0,26.0,Jaren Jackson Jr.,2024-25
2025-01-15,SAS,W,Fora,19.0,6.0,2.0,19.0 - ?,8.0,2.0,31.0,Jaren Jackson Jr.,2024-25
2025-01-13,HOU,L,Fora,17.0,2.0,3.0,17.0 - ?,3.0,1.0,30.0,Jaren Jackson Jr.,2024-25
2025-01-11,MIN,W,Fora,33.0,8.0,1.0,33.0 - ?,5.0,2.0,34.0,Jaren Jackson Jr.,2024-25
2025-01-09,HOU,L,Casa,21.0,8.0,4.0,21.0 - ?,4.0,1.0,34.0,Jaren Jackson Jr.,2024-25
2025-01-06,DAL,W,Casa,35.0,10.0,5.0,35.0 - ?,2.0,1.0,34.0,Jaren Jackson Jr.,2024-25
2025-01-04,GSW,L,Fora,23.0,9.0,2.0,23.0 - ?,3.0,0.0,36.0,Jaren Jackson Jr.,2024-25
2025-01-03,SAC,L,Fora,28.0,6.0,5.0,28.0 - ?,9.0,3.0,34.0,Jaren Jackson Jr.,2024-25
2024-12-31,PHX,W,Fora,38.0,10.0,4.0,38.0 - ?,9.0,4.0,38.0,Jaren Jackson Jr.,2024-25
2024-12-29,OKC,L,Fora,13.0,5.0,4.0,13.0 - ?,6.0,0.0,25.0,Jaren Jackson Jr.,2024-25
2024-12-27,NOP,W,Fora,33.0,5.0,3.0,33.0 - ?,6.0,4.0,35.0,Jaren Jackson Jr.,2024-25
2024-12-26,TOR,W,Casa,21.0,10.0,6.0,21.0 - ?,3.0,1.0,32.0,Jaren Jackson Jr.,2024-25
2024-12-23,LAC,L,Casa,24.0,6.0,3.0,24.0 - ?,7.0,1.0,30.0,Jaren Jackson Jr.,2024-25
2024-12-21,ATL,W,Fora,13.0,5.0,1.0,13.0 - ?,5.0,1.0,25.0,Jaren Jackson Jr.,2024-25
2024-12-19,GSW,W,Casa,17.0,6.0,5.0,17.0 - ?,2.0,1.0,20.875,Jaren Jackson Jr.,2024-25
2024-12-15,LAL,L,Fora,25.0,5.0,2.0,25.0 - ?,3.0,2.0,29.0,Jaren Jackson Jr.,2024-25
2024-12-13,BKN,W,Casa,20.0,7.0,2.0,20.0 - ?,6.0,3.0,32.0,Jaren Jackson Jr.,2024-25
2024-12-08,WAS,W,Fora,21.0,4.0,1.0,21.0 - ?,8.0,3.0,20.875,Jaren Jackson Jr.,2024-25
2024-12-07,BOS,W,Fora,27.0,9.0,1.0,27.0 - ?,4.0,3.0,34.0,Jaren Jackson Jr.,2024-25
2024-12-05,SAC,W,Casa,15.0,2.0,2.0,15.0 - ?,1.0,0.0,25.0,Jaren Jackson Jr.,2024-25
2024-12-03,DAL,L,Fora,16.0,7.0,2.0,16.0 - ?,7.0,2.0,29.0,Jaren Jackson Jr.,2024-25
2024-12-01,IND,W,Casa,25.0,8.0,0.0,25.0 - ?,6.0,3.0,29.0,Jaren Jackson Jr.,2024-25
2024-11-29,NOP,W,Casa,23.0,8.0,1.0,23.0 - ?,5.0,0.0,28.0,Jaren Jackson Jr.,2024-25
2024-11-27,DET,W,Casa,12.0,6.0,2.0,12.0 - ?,7.0,0.0,22.0,Jaren Jackson Jr.,2024-25
2024-11-25,POR,W,Casa,21.0,6.0,1.0,21.0 - ?,2.0,2.0,28.0,Jaren Jackson Jr.,2024-25
2024-11-23,CHI,W,Fora,23.0,4.0,4.0,23.0 - ?,7.0,3.0,26.0,Jaren Jackson Jr.,2024-25
2024-11-20,PHI,W,Casa,25.0,4.0,1.0,25.0 - ?,5.0,2.0,30.0,Jaren Jackson Jr.,2024-25
2024-11-19,DEN,L,Casa,19.0,8.0,1.0,19.0 - ?,8.0,2.0,29.0,Jaren Jackson Jr.,2024-25
2024-11-17,DEN,W,Casa,20.0,6.0,2.0,20.0 - ?,5.0,2.0,31.0,Jaren Jackson Jr.,2024-25
2024-11-15,GSW,L,Fora,32.0,6.0,1.0,32.0 - ?,4.0,0.0,33.0,Jaren Jackson Jr.,2024-25
2024-11-13,LAL,L,Fora,29.0,7.0,1.0,29.0 - ?,7.0,2.0,33.0,Jaren Jackson Jr.,2024-25
2024-11-10,POR,W,Fora,20.0,7.0,2.0,20.0 - ?,7.0,3.0,24.0,Jaren Jackson Jr.,2024-25
2024-11-08,WAS,W,Casa,39.0,6.0,1.0,39.0 - ?,12.0,5.0,28.0,Jaren Jackson Jr.,2024-25
2024-11-06,LAL,W,Casa,20.0,6.0,1.0,20.0 - ?,4.0,1.0,32.0,Jaren Jackson Jr.,2024-25
2024-11-04,BKN,L,Fora,15.0,5.0,1.0,15.0 - ?,5.0,3.0,32.0,Jaren Jackson Jr.,2024-25
2024-11-02,PHI,W,Fora,27.0,6.0,0.0,27.0 - ?,3.0,2.0,31.0,Jaren Jackson Jr.,2024-25
2024-10-31,MIL,W,Casa,13.0,5.0,2.0,13.0 - ?,4.0,0.0,26.0,Jaren Jackson Jr.,2024-25
2024-10-30,BKN,L,Casa,30.0,4.0,0.0,30.0 - ?,3.0,3.0,28.0,Jaren Jackson Jr.,2024-25
2024-10-28,CHI,L,Casa,19.0,6.0,1.0,19.0 - ?,4.0,1.0,24.0,Jaren Jackson Jr.,2024-25
2024-10-26,ORL,W,Casa,13.0,4.0,1.0,13.0 - ?,2.0,0.0,23.0,Jaren Jackson Jr.,2024-25
2025-02-08,OKC,L,Casa,16.0,5.0,7.0,16.0 - ?,4.0,2.0,36.0,Ja Morant,2024-25
2025-02-05,TOR,W,Fora,26.0,5.0,4.0,26.0 - ?,7.0,3.0,25.0,Ja Morant,2024-25
2025-02-03,SAS,W,Casa,25.0,3.0,11.0,25.0 - ?,6.0,4.0,29.0,Ja Morant,2024-25
2025-01-27,NYK,L,Fora,10.0,5.0,2.0,10.0 - ?,1.0,0.0,27.0,Ja Morant,2024-25
2025-01-25,UTA,W,Casa,11.0,1.0,7.0,11.0 - ?,6.0,2.0,26.0,Ja Morant,2024-25
2025-01-22,CHA,W,Casa,16.0,4.0,13.0,16.0 - ?,5.0,2.0,32.0,Ja Morant,2024-25
2025-01-20,MIN,W,Casa,19.0,4.0,7.0,19.0 - ?,4.0,0.0,30.0,Ja Morant,2024-25
2025-01-15,SAS,W,Fora,21.0,4.0,12.0,21.0 - ?,2.0,1.0,31.0,Ja Morant,2024-25
2025-01-13,HOU,L,Fora,29.0,3.0,4.0,29.0 - ?,9.75,4.0,37.0,Ja Morant,2024-25
2025-01-11,MIN,W,Fora,12.0,5.0,4.0,12.0 - ?,4.0,0.0,30.0,Ja Morant,2024-25
2025-01-09,HOU,L,Casa,27.0,3.0,3.0,27.0 - ?,5.0,1.0,29.0,Ja Morant,2024-25
2024-12-27,NOP,W,Fora,25.0,2.0,7.0,25.0 - ?,4.0,3.0,25.0,Ja Morant,2024-25
2024-12-26,TOR,W,Casa,15.0,2.0,9.0,15.0 - ?,3.0,1.0,24.0,Ja Morant,2024-25
2024-12-23,LAC,L,Casa,23.0,6.0,4.0,23.0 - ?,8.0,2.0,29.0,Ja Morant,2024-25
2024-12-19,GSW,W,Casa,9.0,3.0,3.0,9.0 - ?,5.0,1.0,17.25,Ja Morant,2024-25
2024-12-15,LAL,L,Fora,20.0,7.0,6.0,20.0 - ?,7.0,2.0,31.0,Ja Morant,2024-25
2024-12-13,BKN,W,Casa,28.0,7.0,10.0,28.0 - ?,6.0,3.0,32.0,Ja Morant,2024-25
2024-12-07,BOS,W,Fora,32.0,8.75,9.0,32.0 - ?,6.0,4.0,34.0,Ja Morant,2024-25
2024-12-05,SAC,W,Casa,8.0,3.0,7.0,8.0 - ?,6.0,0.0,28.0,Ja Morant,2024-25
2024-12-03,DAL,L,Fora,31.0,2.0,4.0,31.0 - ?,6.0,3.0,31.0,Ja Morant,2024-25
2024-12-01,IND,W,Casa,19.0,2.0,8.0,19.0 - ?,7.0,2.0,27.0,Ja Morant,2024-25
2024-11-29,NOP,W,Casa,27.0,3.0,7.0,27.0 - ?,4.0,0.0,29.0,Ja Morant,2024-25
2024-11-25,POR,W,Casa,22.0,2.0,11.0,22.0 - ?,3.0,2.0,23.0,Ja Morant,2024-25
2024-11-06,LAL,W,Casa,20.0,4.0,5.0,20.0 - ?,3.0,2.0,24.0,Ja Morant,2024-25
2024-11-04,BKN,L,Fora,25.0,5.0,9.0,25.0 - ?,3.0,1.0,33.0,Ja Morant,2024-25
2024-11-02,PHI,W,Fora,18.0,6.0,12.0,18.0 - ?,2.0,0.0,31.0,Ja Morant,2024-25
2024-10-31,MIL,W,Casa,26.0,8.75,14.0,26.0 - ?,5.0,2.0,29.0,Ja Morant,2024-25
2024-10-30,BKN,L,Casa,14.0,8.0,11.0,14.0 - ?,6.0,1.0,29.0,Ja Morant,2024-25
2024-10-26,ORL,W,Casa,16.0,2.0,10.0,16.0 - ?,6.0,0.0,25.0,Ja Morant,2024-25
2024-10-25,HOU,L,Fora,24.0,0.0,2.0,24.0 - ?,4.0,2.0,24.0,Ja Morant,2024-25
2024-10-23,UTA,W,Fora,22.0,5.0,10.0,22.0 - ?,2.0,0.0,28.0,Ja Morant,2024-25
